%s|A Loving Shiba and Battle Cat's rival.|Trying to enter college this year.|Very thoughtful and sends|birthday gifts to Cat every year.|
%s|Uses watercolours for body paint.|So… naturally weak against water.|This information has nothing to do|with the game content whatsoever.|
%s|A bunch of wusses who like to gang up.|Found each other on the internet.|Suprisingly,|all of them are quite rich.|
%s|This dangerous hippo has|confidence in its stamina and power.|(s)he? has a multi attack skill.|We don't know if it is a he or she.|
%s(Red)|Loves going to the tanning salon,|that's why her skin is red.|Born in an organic free range farm.|Did you know that pigs like to clean?|
%s|Loves watching Kung Fu movies,|and aiming to get into Hollywood.|Uses self-taught Kung Fu.||
%s|Managed to get kicked out of the zoo|because of his scary face.|Has no job or education,|so turned to alcohol and gambling.|
%s|Corny name. Corny looks.|Has a complex about being too ordinary.|Trying to fix this by taking comedy lessons|at acting school.|
%s(Red)|Came to the big city|from the quiet seaside.|Wanted more attention so|dyed his body red.|
%s|Has ridiculously long reach.|Likes his women curvy. Very curvy.|Collects lots of magazines|… don't ask what type.|
%s|Always dreamed to be a boxer|Couldn't really get there|because it is… well, a kangaroo.|Sad sad truth.|
%s(Red)|Loves to help people.|Works part time at a fire station.|However, as he is so slow on his feet,|he never makes it to the fire on time.|
%s|A kindergarten teacher. He LOVES children.|His sharp claws are not suited for the job.|Not related to a certain other bear.|No one knows his real name.|
%s|He was saved by Dundee.|Infatuated with correspondence learning.|Managed to obtain several qualifications.|Word Processing Cert. 2nd class.|
%s(Red)|Quit a major company|and is managing 4 companies now.|Aspires to become city mayor someday.||
%s|She speaks an old English dialect (?)|No, seriously, it sounds like English, but|it's too hard understand what she says.|Works at the English school near the station.|
%s(Black)|Licensed to kill.|The global financial crisis isn't helping|him much though. Please check the flyers.|He's offering one million per kill now.|
%s(Red/Floating)|Ridiculously shy.|He loves to sing though, but|has never sang in front of anyone.|… does a mirror count? Solo Karaoke'r|
%s(Floating)|Too strict a diet resulted in no body.|No one knows why he is floating.|Seriously, anyone?|(Don't try this at home)|
|||||
|||||
%s|Her family structure is|father, mother, brother and a "daddy".|Wants to marry out ASAP.|She comes out when you take too long.|
%s(Floating)|He dreamed he will become|a beautiful butterfly in the future.|Found out the truth and now|rebelling against nature.|
%s(Red)|Angry that he isn't allowed to|drink anything alcoholic.|Shows off by pretending to drink.|The glass is filled with coffee jelly.|
%s(Floating)|Former Master of Teacher Bear.|His physical punishment is love.|Don't think. FEEL!||
|||||
|||||
|||||
|||||
|||||
|||||
%s|Knows all the dirty stuff.|His friends from middle school|admire him and call him Master.|Dating experience: zero.|
%s|Stressed about recent hair loss.|Yes, his last name is actually Ost.|His first name is Rich.|Can critical sometimes.|
%s|Earned the nickname by ganging up|on their target with a literal smackdown.|Holds the keepsake of their ancestors|Just a Normal Rock|
%s|A really eccentric koala.|He was kicked out from zoo because of|food bills so is freeloading at Gory's house.|Gory is going to kick him out soon too.|
%s|Born in Arabia and loves to go to the sauna.|His special ability's to close his nostrils,|he doesn't know that all camels can do it|because he doesn't have any friends.|
%s|Loves the study of Etymology.|He is writing a paper on why|his name sounds like it does.|Please wait for the published results.|
%s(Floating)|Doesn't look his age. He's 78.|The doctor told him to walk more.|Complains a lot because he is treated as|a Floating enemy when he is just walking.|
%s(Red)|Always thought his name was the|correct way to spell what he is.|Turned really red after introducing himself.|I am a bore|
%s|The scariest of all animals|manages to get off the tree…|Unfortunately, moving is too much|so he says he wants to go home now.|
%s|Gets really depressed when Christmas|comes around. Also hates Red.|Don't ask why.|Give the poor guy a break.|
%s|Tries really hard to be human.|All he needs to do now is stick out his arms,|turn around in circles and speak.|Please feed him when he does this.|
%s|Female college student|who enjoys chit-chat with her girls|every afternoon at high end cafés.|Her friends secretly hate her.|
%s|His first name is Hy-ee (Hi E)|Always says No. Works food disposal.|Forever alone. Says no to everyone.|Everyone stays away from him.|
%s|Can use wave attacks.|Recently retired from the Police Dept.|(Actually lost his job to German Shepherds)|Seen with Celeboodle… a lot.|
%s|Don't tell anyone, but I heard she's from the|suburbs. Went to the shelter, tried to adopt a|rescue dog... found an unexpected breed!||
%s(Black)|One day Doge picked up a flyer|and found work as a part time killer.|Works hard every day to make|money to get into prep school.|
%s(Metal)|A certain organization decided to|experiment and make Hippoe's body metal.|Appears to be weak to critical attacks.||
%s(Red)|Ancestor of Pigge.|Second queen of pig kingdom.|In a few days, will be shipped as|organic bacon (She doesn't know yet)|
%s(Red/Floating)|A very famous author. Influential figure for|Bun Bun Teacher. His major works are|Punishment and Prejudice (1868)|Les Pénitents (1875)|
%s|LOVE TAKES YOU TO HEAVEN #LOVE|That's what he says when he hits people.|Some say you can go see the other world|when he hits you… Sorry, no valid source.|
%s(Black)|Gory finally found a job!|Leaving behind his old life,|he is looking forward to seeing his|family again when they move back in.|
%s(Black)|You are already dead - S.B.K|Spits out cheesy lines all the time.|Kind of feel sorry for the joey|in the pouch that always has put up with it.|
%s(Black)|A washed up director known for|copying the very famous movie director.|His works are all flops but|he is famous for his raunchy scenes.|
%s(Metal)|Metal Hippoe who abused file sharing|software and came down with the|Trojan virus, now he's out of control.|Appears to be weak to critical attacks.|
|||||
%s(Metal)|A One Horn who underwent cybernetic|enhancement. He can intercept radio waves|and dispatches almost instantly.|Still never makes it in time.|
%s(Metal)|Teacher Bear received experimental cybernetic|implants for more powerful, efficient education.|His lessons are now too intense for children|and he had to find work at a trade college.|
%s(Metal)|A relic of humanity's final war, this cyborg|crushes all to dust with enhanced jaw strength.|Seems to float, but actually scampers around|on a dozen plasma legs invisible to the eye.|
%s(Metal)|A seal who traveled to the city,|dreaming of superstardom.|Wanted more attention so|he decided to go full cyborg.|
|||||
|||||
|||||
|||||
%s(Red/Floating)|The relentless assault of wind|keeps curious gawkers far away.|If only there was some way to stop|or stun it - a counterattack chance?|
|||||
|||||
|||||
|||||
%s(Floating)|Attacks continuously while moving|so no one can stop its cyclonic force.|Seems to be getting a lot of attention|probably thanks to certain vacuums.|
%s(Floating/Black)|Attacks continuously while moving|so no one can stop its cyclonic force.|Has a lot more pushing power.|… or is it suction power?|
%s(Metal)|Attacks continuously while moving|so no one can stop its cyclonic force.|A maelstrom of flying metal shards.|Its heavy body keeps it from floating.|
|||||
|||||
|||||
|||||
|||||
|||||
|||||
|||||
|||||
|||||
|||||
|||||
|||||
|||||
|||||
|||||
|||||
|||||
|||||
|||||
|||||
|||||
|||||
|||||
|||||
|||||
|||||
|||||
|||||
|||||
|||||
|||||
|||||
|||||
|||||
|||||
|||||
|||||
|||||
|||||
%s(Angel)|A wrathful being who cleanses evil|with the force of a typhoon.|Take care: Angels won't be harmed|by anti-Floating attacks!|
%s(Angel)|A Hippoe who yearned for a halo.|Styled his hair into wings...|which makes him the next best thing|to a Pegasus. Amirite?|
%s(Angel)|Great-grandaddy of the Doge clan.|Watches to make sure his descendants|keep up their studies: sleeping in class|earns a bite from the old man!|
%s(Angel)|An ugly mug is what got this guy|chased out of heaven.|An old-school fallen angel who makes|a living by lurking at the slot machines.|
%s|Blew his life savings on Angel goods.|Discovered Angels aren't actually|Floating enemies after obsessively|collecting Rare Cat Capsules.|
%s|A Doge who stole Wall Cat's|schtick and turned herself into a wall.|Didn't predict that other Doges would|use her to replace missing dominoes.|
%s(Red)|His lovely red locks inspired a|master's thesis on reptilian hair care.|The hair dye is still watercolor, and this|information still means nothing.|
%s(Angel)|A sunfish named Jones. Yeah, so what?|Shaped like a stealth bomber, and|therefore undetectable by radar systems.|Actually, that's how he got into heaven.|
|||||
|||||
|||||
%s(Floating)|Never fears leading the battle charge|to defend his pacifist ideals.|Lovingly batters Cat invaders|with his sharp beak of diplomacy.|
%s(Black)|Bears his family's ultimate weapon:|Normal Rock, bane of clams everywhere.|It's actually a plum pit, but don't mention|it or he'll fly off the handle.|
%s(Angel)|The eight-legged god-horse of Norse myth.|Has to spend most of his paycheck on|footwear, so usually spends his weekends|staying in and gardening.|
|||||
|||||
|||||
|||||
|||||
|||||
|||||
|||||
|||||
|||||
|||||
|||||
|||||
|||||
|||||
|||||
|||||
|||||
|||||
|||||
%s|Talked smack about his friends on|his personal blog, "Just Bein' Honest".|Got too popular and now no one calls|him anymore - the internet never forgets!|
%s(Metal)|Walking home from prep school,|a giant silver disc appeared in the sky.|Can't remember what happened next, but|now he wears only silver jumpsuits?|
%s(Red)|A quantum blip de-aged him back to a kid.|People don't know what to think when that|leathery face cries over candy, but he still|has to pay full price at the movies.|
%s(Black)|This ink-black pachy is a manic collector|gentlemen's cinema. Afraid|his hobby might be found out so|smashes anyone who gets near his stash.|
|||||
|||||
|||||
|||||
|||||
|||||
|||||
|||||
|||||
|||||
%s(Angel)|A bright-eyed rookie only on her second|day of her heavenly job. Her friend Duche|is getting real sick of hearing her go on|about how great her new flat in paradise is.|
|||||
|||||
|||||
|||||
|||||
|||||
%s(Alien)|A lovable Doge, genetically modified by|the invaders to be the perfect foot soldier!|Always says "We think", but is really selfish.|That's why he fights with his dorm-mates.|
%s(Alien)|Overcame his eye condition to get a degree|in interior design. His philosophy is "Simple|is Best"; turns out he just paints it all|blue and takes the rest of the week off.|
%s(Alien)|This hippoe is a monthly alien abductee.|Traumatized by the thing growing from|her head, her skin turned as blue as her|heart and she had to change her name.|
%s(Alien)|A walrus warlord who came from space|to fight Earth's Red Seals. No hands, but|still tries for handshakes to be polite.|Won't see me lyin' about this classy gent.|
%s(Alien, Floating)|A pop idol from the bug planet, known for|his taste in sexy, flashy outfits. Many|fans came for his Earth Tour, but not one|human survived. Might freeze Cat Units.|
%s(Alien)|Her eyes are big enough to see for two|lightyears. Daytime is too bright, though, so|has to stay inside until dusk. Wears special|contacts that weaken Cat Units' Atk.|
%s(Alien)|Took out a 45-year loan on a durable home|to cover up the THAT growing from his rear.|Still spends every weekend at open houses.|Can survive one lethal strike.|
%s(Alien, Floating)|A cameo from hit show Face Force 5.|Came to protect Earth but went rogue|after getting annoyed by smartphone users|ignoring him at dinner. Might freeze Cats.|
%s(Alien)|Visited Earth on a cruise, but strayed from|the tour group and got left behind. Works|at NASA hoping to sneak onboard a rocket.|Gets stronger the more damage he takes.|
%s(Alien, Floating)|Her mission: start the apocalypse and|destroy all human life. Accidentally landed|on the moon. Now just makes craters out|of boredom. Weakens Cat Attacks.|
%s(Alien)|His bowl cut helps contain the force of|his rational power. Looking for a dashing|starship captain to help him learn how to|feel. Clears the way with logic and tusks.|
%s(Alien)|Scion of the cyber-pigpen, Liz almost|ended her line after choking on a|mushroom. She's still blue to this day.|Uses powerful wave attacks.|
%s(Alien, Floating)|A nebula storm born from a black hole,|it rips apart anything that gets close.|Best block and attack from behind cover!|Attacks get stronger after taking damage.|
%s(Alien)|Has the nightmarish power to redirect all|your future email to a random address. You'll|never know why all your friends forgot about|you. Attacks sometimes slow movement.|
%s(Alien/Floating)|Received the dog lance Woofnir as a gag|gift at a bachelorette party. Her mind is now|clouded with rage against all things feline…|Grows stronger after taking damage.|
%s(Alien)|Former welterweight champ of Gliese 832c.|Stripped of her title once judges noticed the|custom gloves she wore in round 4.|They really help deliver powerful knockback.|
%s(Alien)|A killing machine tasked with one purpose:|stop Cat pictures from being posted to the|internet. Meant to join for Chapter 1,|but he was too slow to catch the bus.|
%s(Alien)|Only daughter of the most powerful political|dynasty of Centauri year 1192. Beauty, brains,|wit… and yet she married a chihuahua reality|TV "star". Get stronger after being damaged.|
%s(Red)|Even though he's still a college undergrad,|his research into dirty stuff is so in-depth|and thorough that his friends call him Professor.|Dating experience is somehow still zero.|
|||||
|||||
|||||
|||||
|||||
|||||
|||||
|||||
|||||
|||||
|||||
|||||
|||||
|||||
|||||
|||||
|||||
|||||
|||||
%s(Red)|Furry Brazilian fitness freak. Hits the gym twice|a day and always chews her food thoroughly.|Weighed down by muscle, she's slower than she|looks, but those critical attacks hurt real bad…|
%s(Red)|One day I woke from a nap to find a Kory|making stew in my kitchen. After I kicked him|out for raiding my fridge, it seems the sunset|on his back awoke his hidden dark powers.|
%s(Floating)|DO YOU EVEN LIFT??? He's gluten-free, but|never misses a chance to impress chicks|with crumbs from the organic bakery.|Brain the size of a cashew, but he's got game.|
%s(Alien/Floating)|Ship crash-landed near the famous Tsukiji|fish market. She introduced a new translucent|style sense that's now tres chic at the harbor.|Greatly Weakens opponent's attack.|
%s(Alien)|Camelle super-glued cotton balls to herself to|become an Alpaca. Allergic to the fibers,|so she can't stop coughing and spitting, but|she's too proud to admit when she's wrong.|
%s(Alien)|THE SLOTH's grandpa bought a lifetime pass|to a hot spring resort. Healing minerals in the|water he spends all his time in have given him|super speed and powerful knockback abilities!|
%s(Alien/Floating)|Bun Bun's DNA got bonded with an alien|creature. Infected students with it too, now|school is one big hive mind (Source: Hippoe)|Occasionally fires a powerful energy wave.|
%s(Alien/Floating)|Finally got the zipper on his costume unstuck,|now he is free and unstoppable! Can't control|the destructive urges that compel him to|wreak havoc on everything around him!|
|||||
|||||
|||||
|||||
|||||
|||||
|||||
|||||
|||||
|||||
|||||
|||||
|||||
|||||
|||||
|||||
|||||
|||||
|||||
%s(Angel)|This mystical being is humanity's salvation…|or it's destruction. But for now, it's too busy|being an overprotective single parent who|protects its kid with ultra long range attacks.|
|||||
|||||
%s|I seek a worthy rival! #MoleFight is the only|Tweet from this aspiring martial artist on his|feed. His secret technique "Rising Mole Fist"|knocks back enemies from uber-long distance.|
%s(Floating)|A Category-5 storm that grew massive by|consuming lesser cyclones. Repels threats|from uber long distance. Meteoroloigists say|getting near its eye disables its knockback.|
|||||
|||||
|||||
|||||
|||||
|||||
|||||
|||||
|||||
|||||
|||||
|||||
|||||
|||||
|||||
|||||
|||||
%s(Angelic)|Drives everyone around him crazy with|self-righteous advice. Best pretend you're|listening, or he'll smack you good:|You'll thank me for this someday!|
%s(Red / Black)|Used to be the host of a famous game show.|This migratory fellow now travels around the|world playing golf, coming home for TV gigs if|he runs out of money. Fires waves of greed.|
%s(Black)|A ruthless semi-pro pitcher who resorts to|any means necessary to win the game.|Throws non-regulation balls from long|distance to intimidate the away team batters.|
%s|Born in Year 1196 of the cosmic calendar, he|earned a crown through his military service and|advancement of the sciences. Annoyed that his|kid brother is more famous for a reality show.|
%s|A wandering forest girl hired as an assassin|by the Dog Army. Feared by the Cat Army for|ruthlessly using any tactic necessary to|make the kill. Even a long-distance bazooka!|
|||||
|||||
%s(Angel)|Executive assistant to heaven's most famous|recort label producer. Ghost-writer for two|one-hit wonders: "Cats Ain't No Sin" and|C.P.U. (Future Intelligence Pt. II)|
|||||
|||||
|||||
|||||
%s|Took 9 gap years before working up the|courage to enroll in college. Hoping to major|in nuclear physics to better control his particle|beams, but dad wants him to study accounting.|
%s(Red)|Wore a creepy mask as a joke, transformed|into a flesh-eating demon. That can happen.|Breathes pure corruption born of vengeful hate.|The normal Face isn't so bad anymore, eh?|
|||||
|||||
|||||
%s(Alien/Floating)|An exiled princess, now royalty of the mean|streets of the big city. Her sad upbringing makes|for a nasty temperament... don't get too close|or you'll be the victim of her tragic sting.|
%s(Floating)|Grand Champion of the Problem Child Grand|Prix, terror of kindergarten classrooms every-|where. Maybe Dad let him read the Russian|classics too early? Favorite word = LOVE.|
|||||
|||||
|||||
|||||
|||||
|||||
|||||
%s(Black)|After years of wandering the wastelands,|his fur and his soul have been blackened|by the corruption of the world. Receives|awards for perfect attendance at work.|
|||||
|||||
|||||
%s(Zombie)|Doge's late father, buried several years ago.|Even the grave couldn't stop him from|worrying over his kids' grades. Only showing|a report card can put him permanently to rest.|
%s(Zombie)|A slithery creature who uses watercolors for|horror makeup (really already dead, though.)|The only information you need is that|it possesses gruesome area attack powers.|
%s(Zombie)|Wandered through a poison bog one|gloomy night and later woke up dead.|(S)he doesn't seem to mind though.|Now we'll never know if it's a he or she.|
%s(Zombie)|Even death can't make this royal swine|give up the throne. Wears a stylish skull|until her stolen crown can be reclaimed.|I don't rot, I just age like fine wine.|
%s(Zombie)|After his debut film bombed, a big hole|was all thats left where Peng's heart used|to be. Even death by bad reviews won't|stop his revenge on ungrateful audiences!|
%s(Zombie)|After being rejected from Heaven thanks to|his scary face, Gory now wanders the earth.|Someone tore off the top of his head while|he gambled, thinking it was a toupee. Ouch.|
%s(Zombie)|Through the morning mists, I beheld a Seal|He called me to join him in a voice neither|living nor dead, beckoning me to join him|on the distant shore of an uncanny world...|
%s(Zombie)|After 50 years as a boxer, her body just|couldn't handle the doping anymore.|Still, chemicals were effective enough to|keep her body punching even after death.|
%s(Zombie)|A poor gator who died of hunger.|Too weak to swim across the River Styx,|it came back to this world as a half-baked|ghost. Sometimes mistaken for dumbells.|
%s(Zombie)|Some squatter has made his home in|Zoge's grave! How rude! Whoever|this mysterious cadaver is, his will to|rock seems to be alive and well.|
%s(Zombie)|The spirits of those defeated by the|Battle Cats have gathered into a|vengeful storm. How can you defeat|a whirlwind that's already dead?|
|||||
|||||
|||||
|||||
|||||
|||||
|||||
|||||
%s(Zombie)|Zoge's wife was supposed to be|buried here, but she's still alive at|158 and it seems like someone|else took over the open real estate.|
%s(Zombie)|Best leave this lazybones be, he'll|chomp anyone who disturbs his naptime.|Or worse: he'll tell you neverending stories|about his minor league baseball career.|
|||||
|||||
|||||
|||||
%s(Zombie)|An ancient hero of the Doge Army.|Registered last year as an endangered|species... the elder dead live a lonely life.|Scholarly name: Canis Deadus Doornailus|
%s(Zombie)|Passed away after botched plastic surgery on|her unfashionable hump. Makes for a beautiful|corpse - the first undead cover girl!|Don't mention the unnatural fur tone...|
|||||
|||||
|||||
|||||
|||||
%s(Zombie)|A Doge warrior spirit possessed an up-and-|coming young actor who took on his role in a|stage adaptation of his legend. Don't get too|close... his cursed castle might just react.|
%s(Zombie)|The best zombie is an educated zombie, is|what Poppa always said. It's just back issues|of trashy horror comics inside that ominous|cover, though. Immune to all negative effects.|
%s|Often seen riding on the last train home after|a night of partying. Now she reflects upon|her careless youth, and vows to improve.|Only overslept for work 3 times last week.|
|||||
|||||
|||||
|||||
|||||
|||||
|||||
|||||
|||||
|||||
|||||
|||||
|||||
|||||
|||||
|||||
|||||
|||||
|||||
|||||
|||||
%s(Angel)|A heavenly taste of the sea, sent|as a religious vision by the Cat God to|those pure of heart. Culinary paradise|awaits those who pass this test of faith.|
|||||
|||||
|||||
|||||
|||||
|||||
|||||
|||||
|||||
|||||
|||||
|||||
|||||
%s|At the top of the Heavenly Tower, this living|legend of martial arts awaits the worthy.|Loves to humble rich kids who think they can|just buy enlightenment. Loves pink lemonade.|
%s|eSports pro famous for rage-quitting during|tournaments by using his tongue to hit the|reset button. Guess that's one way to|maintain a perfect win-loss ratio...|
|||||
|||||
|||||
|||||
%s(Alien)|Officer-class Doge in the Alien Marines.|Received top marks in the academy|specializing in Warp attacks.|But the job market is tough these days.|
%s(Alien)|The originator of Warp-field tactics.|The Peng people are a proud warrior race|with advanced scientific knowledge, thanks|thanks to a culture of daily sudoku.|
%s(Alien)|A mighty tactician who's still single thanks|to his scary face. He is actually an excellent|cook and has a six-octave vocal range,|but he is too shy to show anyone his talents.|
%s(Alien)|The mother of all Le'Boins, she will protect|her sweet children with her iron hide.|Invades at least new three planets a week|to maintain her lovely curves.|
%s(Alien)|He can sense all your dirty thoughts.|Keep your mind pure around him, or|the lewd energies will make him stronger.|Has no real experience whatsoever.|
%s(Alien)|A proud soldier of the great Mole Army,|safeguarding peace and love throughout|the cosmos. His antimatter uppercut|catapults Cats to another dimension.|
%s(Alien/Floating)|A bioweapon bred by Space Doges for|surprise attacks on Cat outposts. Invisible|from the front, but since this game is in|landscape mode, its stealth is not effective.|
%s(Floating)|Hey, it's me, Cat God.|You look like you're having a good|time reading my character text.|It's almost my bathtime, though, so...|
|||||
|||||
|||||
|||||
|||||
|||||
|||||
%s(Angel / Alien)|A extra-confident bird named by parents who|wanted him to always believe in himself. His|arrogance is so extreme that it consumed|his home dimension and drove him to this one.|
|||||
%s(Alien)|A tear in space time that opened up inside|a nebula. Manipulates the continuum to|warp Cats away. Victory is possible if you|attack it from long-distance...|
|||||
%s(Angel)|A lovely Pigge with a cute heart-shaped nose.|She doesn't mean any harm with her merry|bouncing, but it'll crush your will to fight.|Just wants to go home to her heavenly family.|
%s|Sacred guardian of the Heavenly Tower. Only|those who pass his test are deemed worthy.|With fewer visitors lately, he's taken on a job|teaching modern dance to kindergarteners.|
|||||
|||||
|||||
|||||
|||||
|||||
%s(Red)|Aspiring pitcher whose burning passion|usually ends up just warming the bench.|Hopes to prove the power of his long-|range fastball assaults one day!|
%s(Alien)|Stellar sheep with mighty barrier defense.|Spiky looks are actually just bad|bedhead. Since everyone keeps their|distance, she's paranoid about her breath.|
|||||
|||||
|||||
|||||
|||||
|||||
|||||
|||||
|||||
|||||
|||||
|||||
|||||
|||||
|||||
|||||
%s(Floating)|Artifact of an ancient empire which once ruled|the Earth. A dark union of Doges has revived|this terrible force, but thankfully they only |have one copy of the pilot's manual to share!|
%s(Relic)|An unstoppable artifact who mercilessly crushes|any intruder into the realm of the ancients.|The prophecies speak of some who can resist|the dark curses this guardian places on its foes.|
%s(Relic)|Ancestral nemesis of the Cat Empire.|Serious and hardworking like any Doge,|but sometimes thoughtlessly lets a Curse out|when focusing hard. Oops, sorry about that!|
|||||
|||||
|||||
|||||
%s(Relic)|Speaks only in Olde English,|meaning he's a very young Relic.|If the Cats took their studies seriously,|they might learn a lot from this guy.|
%s(Relic)|An ancient prophet who learns of impending|doom by time-traveling. His time-trips aren't|very accurate, though, so by the time he gets|home the bad stuff has already happened...|
%s(Relic/Floating)|Mayor of the ancient Duchy of Lepidoptera.|His citizens hate his long, rambling stories|that make the morning town council|meetings drag on late into the night.|
|||||
|||||
%s(Alien)|Express delivery across the galaxy!|His girlfriend thinks he should start|looking for a real job, so he's joined|the elite Alien shock division.|
%s(Alien)|Underrated genius chef at a starred|eatery. He warps anything that looks|unappealing back to the kitchen. What's|the best wine to pair with Cat?|
%s(Cool Dude)|Hey there! It's me, everyone's favorite Cat God!|Hope you had a real good time in Cosmos Ch. 2!|Life in the real world can be tough... I actually|had to move back in with my mom last week...|
%s(Relic)|Last year's in-vogue celebrity, famous for|his flashy taste in eyewear. But it's actually|just what his eyes look like... Weird how|he can throw them like that. Relics, amirite?|
|||||
|||||
%s(Relic/Floating)|Lifeform whose purpose is to drive Cats extinct.|Thought destroyed a milennia ago during a|great battle with the original Cat Army.|Smallest and most beautiful of the Faceoids(?)|
%s(Relic)|Ostrich who is also a veteran stand-up comic.|An inspiration for younger comedians, but he|is becoming more self-conscious of the|generation gap in the scene.|
|||||
|||||
%s(Zombie)|Made up of the strongest parts from several|expired Teacher Bears. The head wouldn't|sit right, so it had to be bolted on.|Urge to kill seems to be growing...|
%s(Zombie)|Thanks to a tragic accident with a perm|machine, this piggy both gained a stylish set|of dreadlocks... and became an ex-Bore.|Talk about a sudden image change.|
|||||
|||||
%s(Black)|A dream-eating cutie who wanders around|half-awake. Still wears a diaper, even though |she's fourteen. Don't startle this gentle |sleepwalker, no matter how loud she snores.|
|||||
|||||
|||||
|||||
|||||
|||||
%s(Relic)|The most ancient of cyclones, born from|the Big Bang itself. Hasn't weakened even|after devouring the dinosaurs. Inflicts Curse,|grows stronger after taking damage.|
|||||
|||||
|||||
|||||
%s(Alien)|Rumored to be the  secret lovechild of a |famous storm. It's impossible to guess who it|is though. Warps anyone who comes close.|Low stamina, so try going all-out!|
%s(Alien)|This mean gang of fishy bad boys have|had it with the Cats causing trouble in their|territory. Out of the dirt and ready to fight!|Don't call them snakes, they don't like that.|
%s(Alien)|A space salamander with a Cat allergy.|The powerful winds of its relentless sneezes|are should be avoided by small Cats who|could be blown into another dimension.|
%s(Cool Dude)|Oho, we meet again! Cat God isn't defeated|that easily! Yeah, you've done okay in that last|Cosmos chapter, I guess. Maybe you've|finally earned the right to be my sidekick...|
%s(Alien/Floating)|After millennia lost among the stars, a|strange force once again wreaks havoc|on the Galactic Cat Empire. The chaos| it wields may rewrite the laws of reality...|
|||||
|||||
%s(Relic)|An ancient fighter excavated by the Doges.|Clay body looks weak but is reinforced with|Relic power. His human top was mistakenly|attached to a horse body, but it still works(?)|
|||||
|||||
|||||
|||||
|||||
|||||
|||||
|||||
|||||
|||||
|||||
|||||
|||||
|||||
|||||
|||||
|||||
%s (Zombie)|A mad scientist set his tail on fire|to test the limits of fowl power.|Panic has given him to the|strength he needs to fly to heaven.|
%s (Zombie)|The guys are never alone in life or in death.|Luckily there was a shuttle bus service|from the cemetery to the battlefield.|Undeath doesn't cure codependency...|
|||||
|||||
|||||
|||||
|||||
|||||
|||||
%s (Relic)|Branch manager of an undersea trading|company. Once known for his poisonous|personality, marriage has made him more|approachable in spite of his prickly looks.|
|||||
%s (Alien)|An aspiring idol that appears once every|100 years, long mistaken for an asteroid.|His entourage of loyal fans form a shining|tail that can be seen from light-years away.|
|||||
|||||
|||||
|||||
|||||
|||||
|||||
|||||
|||||
|||||
|||||
%s (Red / Black)|A malicious expression hides behind this|traditional image of innocent maidenhood.|Seeking revenge on everyone who has|taken advantage of youthful naivete.|
%s (Angel)|Her Archangel qualifying exams are coming|up, so she takes her textbooks everywhere.|Any Cats who interrupt her studies will be |punished with her Toxic magics. Shhhh!|
%s (Relic / Floating)|Queen of the stage who started as a mere|backup dancer 888 years ago. Beloved by|the whole hive even in her old age. Some|drones even say she's the one true ruler...!|
|||||
%s|This little monster always looks at peace|munching cucumbers in the pond,|until the moment he snaps and blasts|you with a wild Surge Attack!|
%s (Relic)|Guardians of the primeval wilderness.|No intruder into their sacred forest has|ever walked out alive. Only those who|defeat them can peek behind the mask.|
%s (Metal)|Croco volunteered for cyborgization to|become the most powerful member of|his clan. They ran out of budget partway|through, but he makes the look work.|
%s (Floating)|Turkey who is also a master salesman.|Went to a palm reader in October and|received very bad news about his future.|Getting ready to escape by training wings.|
|||||
|||||
|||||
|||||
|||||
|||||
|||||
%s (Alien)|Universe's #1 playboy, beloved by|lonely-heart madames from across the |galaxy. Just a few sweet words from him|and anyone will soon be seeing stars.|
|||||
|||||
|||||
|||||
%s (Zombie)|Clionel-type being who somehow survived(?)|the mass extinction of their world's polluted|oceans. Don't come near me or my sons ever|again. Said to paralyze Cats with fright.|
%s (Zombie)|Beloved nephew of childless uncle Zyclone.|Has his mother's toughness and father's timid|spirit, combining them into a hungry little storm|who hides at the first sign of danger.|
%s (Angel)|Loyal to the end, he waits patiently by the|gates of heaven for his master to arrive.|A famous statue of him in mid-Surge Attack|is a well-known meeting spot for teenagers.|
%s|A veteran baby with over 7 years of experience|in infancy. Perfected the fake cry, with enough|power to knock strangers unconcious. Rejected|by 2 elite kindergartens because of this "talent".|
|||||
%s|Retired head of a powerful clan who still|rules in secret. Built a secret hideaway in|a high tower to enjoy time with his girlfriend|(before being intruded upon by rude Cats!)|
%s (Metal)|Mascot/base coach for the NLB Champions,|Koala Krushers. Forced replays of several|games by interfering when his team is losing.|His harshness during training is feared by all.|
|||||
|||||
|||||
%s (Red/Alien/Zombie)|A subway busker who changes his trait by|focusing on a different image. Formerly a|member of a hugely popular band, but left to|start a solo career juuust before they blew up. |
|||||
|||||
|||||
|||||
%s (Relic)|Subject 002   (Paleobacterial Lifeform)|Combat Potential: Immeasurable.|Despite appearance, Floating trait not present|Output corresponds to weakened capacity|
%s (Zombie/Floating)|A bird so ripped that it can swim across|the River Styx whenever it wants to.|Upset that he can't stop the the mass he|worked so hard to cultivate from rotting away.|
|||||
|||||
|||||
|||||
|||||
|||||
|||||
%s (Relic)|The promised lord of Cats, consumed by|pride in his mastery of elder forest sorceries.|Now the king of ruin, he lashes out at this|decadent world with furious Surges and Curses.|
|||||
|||||
%s|"No one's gonna dye THIS Bore" says this|young rebel before riding away on his motorbike.|Unbothered by the judgment of adult society,|all he cares about is travelling the open road.|
|||||
|||||
%s (Red)|Learning Surge Attack from an online course,|this fox accidentally hit Pigge with a wave while|illegally practicing in the park. Now in disguise|to avoid getting spotted by the cops...|
|||||
|||||
|||||
|||||
|||||
%s|Dropped the Lion part of his name.|...but why? Researchers tried asking|him but he quickly gets angry and|lashes out with a Mini-Wave attack.|
|||||
%s (Black)|Corporate warrior sworn to an evil|multinational. His eyes are bloodshot after|days of overtime, and seeing the new guy|leave right at 5PM has driven him berserk.|
|||||
%s (Relic)|Deep within the Ancient Forest, the|Doron tribe lives hidden behind masks|blessed by the gods. Breaking the mask|releases a lethal blast of divine power.|
%s (Aku)|Weary of high-school life, Doge's brother|ran away to join the ranks of the Aku.|Though the clan considers him a traitor,|he still secretly pays for Doge's tuition.|
%s (Aku)|Snache marked by a blue flame of Aku power.|Lashes out with a Surge at the moment of death.|Probably weak against water, but that information|really isn't useful at all in this game.|
%s (Aku)|A trio of netdwellers who sold their souls by|clicking on an Aku spam recruitment email|Used to be low-level Red enemies, now |successful entrepreneurs investing in Evil.|
%s (Aku)|Famed for starring in "The Sleepless Peng."|To stay on for the sequel, made an Aku pact|for a body that needs no rest. They even threw|in a beam that can be fired from his forehead.|
%s (Aku)|Fired by heaven for constant office slip-|ups, he was soon scouted by the Aku |because of his scary face. Now live-|streams his daily life in the Aku Vortex.|
%s (Aku)|Made a deal with the Aku: his soul for a|set of very hard to come by photos... no|further questions. Grew a shield to better|protect that priceless photographic collection.|
%s (Aku)|An elite ambassador of the Aku Realms.|With a firm handshake and a beaming smile,|his physical bargaining is beyond reproach.|If things go sour... an atomic drop also works.|
%s (Aku)|No one dares approach this all-powerful Aku!|Is what he thinks, but its really that he has a|terrible personality and is carrier of a variety of|foul bacteria (Source: Aku Researcher)|
%s (Aku)|A vast, all-consuming evil tempest. Souls |it draws inside are sent to the Aku realms|to join that land's wicked armies. Pierce |its shield and you might have a chance.|
|||||
|||||
|||||
|||||
|||||
|||||
|||||
|||||
|||||
%s (Aku)|Evil priest with a wicked dream to rule all the|Aku Realms. Built Altars to seal away the power|of his enemies and drain them of their lifeforce|to be used to fulfill his own dark ambitions.|
%s (Aku)|A mighty mage who steals life energy to use in|the resurrection ritual of the Lord of Ruin.|Will the perfect world he dreams of come to|pass, or will there be unexpected costs...?|
%s (Aku)|The evil god of destruction, once sealed away|by great heroes and now revived by the rituals|of a Dark Priest. A long-forgotten age of |devastation is about to arise once more...|
%s (Aku)|In her obsessive research, the Empress opened|a cursed grimoire and was possessed by supreme|evil. Her soul stained by evil, she now leads the|Empire down the path to utter calamity.|
|||||
|||||
|||||
|||||
|||||
|||||
|||||
|||||
|||||
%s (Aku)|Aku suffering an identity crisis. "Am I a |snake, lion or fish?" she asks each traveler,|and turns them to stone if they answer wrong.|Extremely dangerous, with Surge attacks.|
%s (Aku)|Malicious romance "expert" who takes every|chance to give bad love advice and cause|heartbreak. Often found downtown, ruining|any promising first date she happens upon.|
%s (Aku)|An Aku created by a cursed mask to|advance the resurrection of the Great Aku.|Evil miasma emitted by the mask drains|the very life from any who dare approach.|
%s (Aku)|A cousin of Rain, with jet-black antlers.|Everyone used to laugh at his horns,|now he's on journey of vengeance that will|continue until his nose is bright red.|
%s (Aku)|A cold-hearted high-school baseball ace|who sold his twin brother's soul to the Aku|for a tournament victory. A five-tool player|who's being scouted by the Major League.|
%s (Aku)|An anarchic Kory fronting a deathcore|metal band. Never afraid to throw down in|the pit, banned from many venues for firing|Wave attacks into unsuspecting audiences.|
|||||
|||||
|||||