Floor 1|Floor 2|Floor 3|Floor 4|Floor 5|Floor 6|Floor 7|Floor 8|Floor 9|Floor 10|Floor 11|Floor 12|Floor 13|Floor 14|Floor 15|Floor 16|Floor 17|Floor 18|Floor 19|Floor 20|Floor 21|Floor 22|Floor 23|Floor 24|Floor 25|Floor 26|Floor 27|Floor 28|Floor 29|Floor 30|Floor 31|Floor 32|Floor 33|Floor 34|Floor 35|Floor 36|Floor 37|Floor 38|Floor 39|Floor 40|Floor 41|Floor 42|Floor 43|Floor 44|Floor 45|Floor 46|Floor 47|Floor 48|Floor 49|Floor 50|＠
Floor 1|Floor 2|Floor 3|Floor 4|Floor 5|Floor 6|Floor 7|Floor 8|Floor 9|Top Floor|＠
Floor 1|Floor 2|Floor 3|Floor 4|Floor 5|Floor 6|Floor 7|Floor 8|Floor 9|Top Floor|＠
Floor 1|Floor 2|Floor 3|Floor 4|Floor 5|Floor 6|Floor 7|Floor 8|Floor 9|Top Floor|＠
Floor 1|Floor 2|Floor 3|Floor 4|Floor 5|Floor 6|Floor 7|Floor 8|Floor 9|Top Floor|＠
Floor 1|Floor 2|Floor 3|Floor 4|Floor 5|Floor 6|Floor 7|Floor 8|Floor 9|Top Floor|＠
Floor 1|Floor 2|Floor 3|Floor 4|Floor 5|Floor 6|Floor 7|Floor 8|Floor 9|Floor 10|Floor 11|Floor 12|Floor 13|Floor 14|Floor 15|Floor 16|Floor 17|Floor 18|Floor 19|Floor 20|Floor 21|Floor 22|Floor 23|Floor 24|Floor 25|Floor 26|Floor 27|Floor 28|Floor 29|Floor 30|＠