jp.co.ponos.battlecatsen.nekokan1	4l9mk9
jp.co.ponos.battlecatsen.nekokan2	oc45fu
jp.co.ponos.battlecatsen.nekokan3	dmrxo2
jp.co.ponos.battlecatsen.nekokan4	6f79ey
jp.co.ponos.battlecatsen.nekokan5	uq0o7o
jp.co.ponos.battlecatsen.nekokan6	220y9c
jp.co.ponos.battlecatsen.nekokan7	aslmqh
jp.co.ponos.battlecatsen.nekokan8	607bgp
jp.co.ponos.battlecatsen.nekokan_pack1	1uz8iy	初心者パック600円
jp.co.ponos.battlecatsen.nekokan_pack2	ak9wcu	初心者パック1400円
jp.co.ponos.battlecatsen.nekokan_pack3	kanxd7	初心者パック3600円	
jp.co.ponos.battlecatsen.rankup_sale1	u2awoi	ランクアップセールネコカン
jp.co.ponos.battlecatsen.rankup_sale2	vd52g0	ランクアップセール経験値
jp.co.ponos.battlecatsen.rankup_sale3	5uqzbi	ランクアップセールアイテム大盛りパック
jp.co.ponos.battlecatsen.item_pack1	jwoubb	アイテムパック600円
jp.co.ponos.battlecatsen.item_pack2	84pcfy	アイテムパック1400円
jp.co.ponos.battlecatsen.item_pack3	9h2tu0	アイテムパック3600円
jp.co.ponos.battlecatsen.matatabi_set1	kqz0h4	マタタビセット2400円
jp.co.ponos.battlecatsen.matatabi_set2	yy277y	マタタビセット4800円
jp.co.ponos.battlecatsen.matatabi_set3	71g4jo	マタタビセット9800円
jp.co.ponos.battlecatsen.platinum_ticket	bn43ro
jp.co.ponos.battlecatsen.rare_ticket	19fcuz
jp.co.ponos.battlecatsen.platinum_ticket2	tuhwsx	初心者応援プラチナチケット販売
jp.co.ponos.battlecatsen.chara_498	736o1g
jp.co.ponos.battlecatsen.chara_499	940bj7
jp.co.ponos.battlecatsen.chara_500	tih24j
jp.co.ponos.battlecatsen.nyanko_club	7jsu6z	にゃんこクラブ「ゴールド会員」入会料
jp.co.ponos.battlecatsen.restart	ymdvlv	リスタートパック
jp.co.ponos.battlecatsen.blackfriday_set	o5odxe	BF大感謝パック
jp.co.ponos.battlecatsen.platinum_ticket3	bhj7b4	プラチナチケット販売
jp.co.ponos.battlecatsen.super_set1	pdnz10	超限定セール！ネコカンパック超梅
jp.co.ponos.battlecatsen.super_set2	nd11hq	超限定セール！ネコカンパック超竹
jp.co.ponos.battlecatsen.super_set3	rf0jzt	超限定セール！ネコカンパック超松
jp.co.ponos.battlecatsen.premium_sale1_2	rzgjcp	おめでとうセール
jp.co.ponos.battlecatsen.chara_558	cak4fz	キャラ「レアガチャネコ」販売
jp.co.ponos.battlecatsen.legend_ticket	6pid9b	レジェンドチケット販売
jp.co.ponos.battlecatsen.daikansha_set	yxkkqv	大感謝パック
jp.co.ponos.battlecatsen.otasuke_sale1	y1ustb	お助けセール！ネコボン3時間使い放題
jp.co.ponos.battlecatsen.otasuke_sale2	bno6ra	お助けセール！ニャンピュータ3時間使い放題
jp.co.ponos.battlecatsen.otasuke_sale3	dn2qp0	お助けセール！スニャイパー3時間使い放題
jp.co.ponos.battlecatsen.powerup_sale1	vn2097	パワーアップセール！ネコカン&アイテムパック梅
jp.co.ponos.battlecatsen.powerup_sale2	pprqcj	パワーアップセール！ネコカン&アイテムパック竹
jp.co.ponos.battlecatsen.powerup_sale3	gh8ejm	パワーアップセール！ネコカン&アイテムパック松
jp.co.ponos.battlecatsen.kansha_set	6ldds7	感謝パック
jp.co.ponos.battlecatsen.legend_ticket	dk3y85	レジェンドチケット販売